{
	"companyName": "Demo Company",
	"profitLossSheetDate": "01 Apr 2024  To 31 Mar 2025",
	"sheetName": "Profit and Loss",
	"Particulars": {
		"sectionTitle": "Particulars",
		"Opening Stock": {
			"label": "Equity",
			"value": "13,412.00"
		},
		"costofGoodsSold": {
			"label": "Cost of Goods Sold",
			"value": "-1,000.00",
			"costofGoodsSold": {
				"label": "Cost of Goods Sold ",
				"value": "1,500.00"
			},
			"purchases": {
				"label": "Purchases",
				"value": "500.00"
			}
		},

		"total": {
			"value": "10,088.00"
		},

		"grossLossb/f": {
			"label": "Gross Loss b/f",
			"value": "418.00"
		},
		"operatingExpense": {
			"label": "Operating Expense",
			"value": "0.00"
		},
		"nonOperatingExpense": {
			"label": "Non Operating Expense",
			"value": "0.00"
		},
		"totalParticulars": {
			"label": "Total",
			"value": "418.00"
		}
	},
	"Particulars1": {
		"sectionTitle": "Particulars",
		"operatingIncome": {
			"label": "Operating Income",
			"value": "406.00",
			"sales": {
				"label": "Sales",
				"value": "406.00"
			}
		},
		"closingStock": {
			"label": "Closing Stock",
			"value": "11,588.00"
		},
		"grossLoss": {
			"label": "Gross Loss",
			"value": "418.00"
		},

		"total": {
			"value": "10,088.00"
		},

		"nonOperatingIncome": {
			"label": "Non Operating Income",
			"value": "10.00"
		},
		"netLoss": {
			"label": "Net Loss",
			"value": "418.00"
		},

		"totalParticulars1": {
			"label": "Total",
			"value": "418.00"
		}
	}
}
