{
	"company": "Demo Company",
	"reportTitle": "Sales by Item",
	"period": {
		"start": "01 Apr 2024",
		"end": "31 Mar 2025"
	},
	"columns": [
		"Item Name",
		"Barcode",
		"Quantity Sold",
		"Average Price",
		"Amount"
	],
	"data": [
		{
			"itemName": "xyz",
			"barcode": "1",
			"quantitySold": 4,
			"averagePrice": "₹ 150.00",
			"amount": "₹ 606.00"
		},
		{
			"itemName": "xyz",
			"barcode": "000014",
			"quantitySold": 0,
			"averagePrice": "₹ 6.00",
			"amount": "₹ 6.00"
		}
	],
	"totals": {
		"quantitySold": 5,
		"averagePrice": "-",
		"amount": "₹ 606.00"
	}
}
