{
	"company": "Demo Company",
	"reportTitle": "Account Transactions",
	"period": {
		"start": "01 Apr 2024",
		"end": "31 Mar 2025"
	},
	"columns": ["Particulars", "Amount "],
	"data": [
		{
			"particulars": "Account Transactions",
			"amount": 13412
		},
		{
			"particulars": "Cost of Goods Sold",
			"amount": "47.54"
		},
		{
			"particulars": "CGST - Out",
			"amount": "47.54"
		},
		{
			"particulars": "SGST - Out",
			"amount": "391.08"
		},
		{
			"particulars": "xyz",
			"amount": 310
		},
		{
			"particulars": "Petty Cash",
			"amount": 606
		},
		{
			"particulars": "Advance Tax",
			"amount": 12
		},
		{
			"particulars": "RG",
			"amount": -12
		},
		{
			"particulars": "IGST - IN",
			"amount": -1280
		}
	]
}
