{
	"company": "Demo Company",
	"reportTitle": "Aging Details By Invoice Due Date",
	"period": {
		"start": "01 Apr 2024",
		"end": "31 Mar 2025"
	},
	"columns": [
		"Date",
		"Transaction#",
		"Status",
		"Customer Name#",
		"Age",
		"Amount",
		"Due Amount"
	],
	"data": [
		{
			"dateRange": ">45 DAYS",
			"transactions": [
				{
					"date": "20 Aug 2024",
					"transaction": "INV-000002",
					"status": "OVERDUE",
					"customerName": "xyz",
					"age": "50 days",
					"amount": "₹ 224.00",
					"dueAmount": "₹ 32.00"
				},
				{
					"date": "20 Aug 2024",
					"transaction": "INV-000005",
					"status": "OVERDUE",
					"customerName": "xyz",
					"age": "50 days",
					"amount": "₹ 224.00",
					"dueAmount": "₹ 224.00"
				}
			],
			"subtotal": {
				"amount": "₹ 448.00",
				"dueAmount": "₹ 256.00"
			}
		},
		{
			"dateRange": "16-30 DAYS",
			"transactions": [
				{
					"date": "23 Sep 2024",
					"transaction": "INV-000003",
					"status": "OVERDUE",
					"customerName": "xyz",
					"age": "16 days",
					"amount": "₹ 128.00",
					"dueAmount": "₹ 128.00"
				},
				{
					"date": "23 Sep 2024",
					"transaction": "INV-000004",
					"status": "OVERDUE",
					"customerName": "xyz",
					"age": "16 days",
					"amount": "₹ 7.08",
					"dueAmount": "₹ 7.08"
				}
			],
			"subtotal": {
				"amount": "₹ 135.08",
				"dueAmount": "₹ 135.08"
			}
		}
	],
	"total": {
		"amount": "₹ 583.08",
		"dueAmount": "₹ 391.08"
	}
}
