{
	"company": "Demo Company",
	"reportTitle": "Balance Sheet",
	"period": {
		"start": "31 Mar 2025"
	},
	"Assets": [
		{
			"category": "Other Current Asset",
			"subcategories": [
				{
					"label": "Advance Tax",
					"value": 12.0
				},
				{
					"label": "Employee Advance",
					"value": -12.0
				},
				{
					"label": "Total Other Current Asset",
					"value": 0.0
				}
			]
		},
		{
			"category": "Cash",
			"subcategories": [
				{
					"label": "Petty Cash",
					"value": 310.0
				}
			]
		},
		{
			"category": "Stock",
			"subcategories": [
				{
					"label": "Inventory Asset",
					"value": 11588.0
				}
			]
		},
		{
			"category": "Accounts Receivable",
			"subcategories": [
				{
					"label": "Accounts Receivable",
					"value": 167.08
				}
			]
		},
		{
			"category": "Totals",
			"subcategories": [
				{
					"label": "Total Assets",
					"value": 12065.08
				}
			]
		}
	],
	"Liability": [
		{
			"category": "Other Current Liability",
			"subcategories": [
				{
					"label": "Opening Balance Adjustments",
					"value": 13412.0
				},
				{
					"label": "IGST - IN",
					"value": 280.0
				},
				{
					"label": "CGST - Out",
					"value": 35.54
				},
				{
					"label": "SGST - Out",
					"value": 35.54
				},
				{
					"label": "Total Other Current Liability",
					"value": 13763.08
				}
			]
		},
		{
			"category": "Accounts Payable",
			"subcategories": [
				{
					"label": "Accounts Payable",
					"value": -1280.0
				}
			]
		},

		{
			"category": "Totals",
			"subcategories": [
				{
					"label": "Total Liability",
					"value": 12483.08
				}
			]
		}
	],
	"Equity": [
		{
			"category": "Equity",
			"subcategories": [
				{
					"label": "Current Year Earnings",
					"value": 418.0
				}
			]
		},

		{
			"category": "Totals",
			"subcategories": [
				{
					"label": "Total Equity",
					"value": -418.0
				},
				{
					"label": "Total Liability & Equity",
					"value": 12065.08
				}
			]
		}
	],
	"date": "31 Mar 2025"
}
