{
	"Business Overview": [
		{
			"name": "Profit and Loss(T Format)",
			"type": "Purchase Order Details",
			"createdBy": "System Generated"
		},
		{
			"name": "Cash Flow Statement",
			"type": "Purchase Orders by Vendor",
			"createdBy": "System Generated"
		},
		{
			"name": "Balance Sheet",
			"type": "Purchase Orders by Vendor",
			"createdBy": "System Generated"
		}
	],
	"GST": [
		{ "name": "GSTR-3B", "type": "GSTR-3B", "createdBy": "System Generated" },
		{ "name": "GSTR-1", "type": "GSTR-1", "createdBy": "System Generated" },
		{ "name": "GSTR-2", "type": "GSTR-2", "createdBy": "System Generated" }
	],
	"Sales": [
		{
			"name": "Sales Register",
			"type": "Purchase Order Details",
			"createdBy": "System Generated"
		},
		{
			"name": "Sales by Customer",
			"type": "Purchase Order Details",
			"createdBy": "System Generated"
		},
		{
			"name": "Sales by Item",
			"type": "Purchase Orders by Vendor",
			"createdBy": "System Generated"
		},
		{
			"name": "Sales by Sales Person",
			"type": "Purchase Orders by Vendor",
			"createdBy": "System Generated"
		}
	],
	"Purchases & Expenses": [
		{
			"name": "Purchase Register",
			"type": "Purchase Register",
			"createdBy": "System Generated"
		},
		{
			"name": "Purchases by Vendor",
			"type": "Purchases by Vendor",
			"createdBy": "System Generated"
		},
		{
			"name": "Purchases by Item",
			"type": "Purchases by Item",
			"createdBy": "System Generated"
		},
		{
			"name": "Expense Register",
			"type": "Expense Register",
			"createdBy": "System Generated"
		},
		{
			"name": "Expenses by Account",
			"type": "Expenses by Account",
			"createdBy": "System Generated"
		},
		{
			"name": "Expenses by Party",
			"type": "Expenses by Party",
			"createdBy": "System Generated"
		}
	],
	"Accountant": [
		{
			"name": "Account Transactions",
			"type": "Account Transactions",
			"createdBy": "System Generated"
		},
		{
			"name": "General Ledger",
			"type": "General Ledger",
			"createdBy": "System Generated"
		},
		{
			"name": "Journal Entries",
			"type": "Journal Entries",
			"createdBy": "System Generated"
		},
		{
			"name": "Trial Balance",
			"type": "Trial Balance",
			"createdBy": "System Generated"
		},
		
		{ "name": "Day Book", "type": "Day Book", "createdBy": "System Generated" }
	],
	"Bank": [
		{
			"name": "Bank Summary",
			"type": "Bank Summary",
			"createdBy": "System Generated"
		},
		{
			"name": "Bank Transactions",
			"type": "Account Transactions",
			"createdBy": "System Generated"
		},
		{
			"name": "Receipts Transactions",
			"type": "Receipts Transactions",
			"createdBy": "System Generated"
		},
		{
			"name": "Payments Transactions",
			"type": "Payments Transactions",
			"createdBy": "System Generated"
		}
	],
	"TDS": [
		{
			"name": "TDS Receivables",
			"type": "TDS Receivables",
			"createdBy": "System Generated"
		},
		{
			"name": "TDS Payables",
			"type": "TDS Payables",
			"createdBy": "System Generated"
		}
	],
	"TCS": [
		{
			"name": "TCS Receivables",
			"type": "TCS Receivables",
			"createdBy": "System Generated"
		},
		{
			"name": "TCS Payables",
			"type": "TCS Payables",
			"createdBy": "System Generated"
		}
	],
	
	
	"Inventory": [
		{
			"name": "Inventory Summary",
			"type": "Purchase Order Details",
			"createdBy": "System Generated"
		},
		{
			"name": "Inventory Valuation Summary",
			"type": "Purchase Orders by Vendor",
			"createdBy": "System Generated"
		},
		
		{
			"name": "Godown Summary",
			"type": "Godown Summary",
			"createdBy": "System Generated"
		},
		
		{
			"name": "Categorywise Summary",
			"type": "Categorywise Summary",
			"createdBy": "System Generated"
		},
		{
			"name": "Groupwise Summary",
			"type": "Groupwise Summary",
			"createdBy": "System Generated"
		},
		
		{
			"name": "Inventory Negative Stock Detail",
			"type": "Inventory Negative Stock Detail",
			"createdBy": "System Generated"
		},
		{
			"name": "FIFO Cost Lot Tracking",
			"type": "FIFO Cost Lot Tracking",
			"createdBy": "System Generated"
		},
		{
			"name": "In/Out Group-wise Detail",
			"type": "In/Out Group-wise Detail",
			"createdBy": "System Generated"
		},
		{
			"name": "Highest Selling Items",
			"type": "Highest Selling Items",
			"createdBy": "System Generated"
		},
		
		{
			"name": "Low Stock Items",
			"type": "Low Stock Items",
			"createdBy": "System Generated"
		}
	],
	"Receivables": [
		{
			"name": "Account Receivable Summary",
			"type": "Account Receivable Summary",
			"createdBy": "System Generated"
		},
		{
			"name": "Customer Balances",
			"type": "Customer Balances",
			"createdBy": "System Generated"
		},
		{
			"name": "Aging Summary ",
			"type": "Aging Summary",
			"createdBy": "System Generated"
		},
		{
			"name": "Aging Details ",
			"type": "Aging Details",
			"createdBy": "System Generated"
		},
		{
			"name": "Invoice Details",
			"type": "Invoice Details",
			"createdBy": "System Generated"
		},
		
		{
			"name": "Most Valuable Customers",
			"type": "Most Valuable Customers",
			"createdBy": "System Generated"
		}
	],

	"Payables": [
		{
			"name": "Account Payable Summary",
			"type": "Account Payable Summary",
			"createdBy": "System Generated"
		},
		{
			"name": "Vendor Balances",
			"type": "Vendor Balances",
			"createdBy": "System Generated"
		},
		{
			"name": "Aging Summary",
			"type": "Aging Summary",
			"createdBy": "System Generated"
		},
		{
			"name": "Aging Details",
			"type": "Aging Details",
			"createdBy": "System Generated"
		},
		{
			"name": "Bills Details",
			"type": "Bills Details",
			"createdBy": "System Generated"
		},
		
		
		{
			"name": "Most Valuable Vendors",
			"type": "Most Valuable Vendors",
			"createdBy": "System Generated"
		}
	]
}
