{
	"company": "Demo Company",
	"reportTitle": "Sales by Customer",
	"period": {
		"start": "01 Apr 2024",
		"end": "31 Mar 2025"
	},
	"columns": [
		"Particulars",
		"Invoice Count",
		"Retail Invoice Count",
		"Credit Note Count",
		"Amount",
		"Amount With Tax"
	],
	"data": [
		{
			"particulars": "xyz",
			"invoiceCount": 5,
			"retailInvoiceCount": 0,
			"creditNoteCount": 0,
			"amount": "₹ 606.00",
			"amountWithTax": "₹ 701.08"
		},
		{
			"particulars": "sdsdsf",
			"invoiceCount": 5,
			"retailInvoiceCount": 0,
			"creditNoteCount": 0,
			"amount": "₹ 606.00",
			"amountWithTax": "₹ 701.08"
		},
		{
			"particulars": "bcvbcvbf",
			"invoiceCount": 5,
			"retailInvoiceCount": 0,
			"creditNoteCount": 0,
			"amount": "₹ 606.00",
			"amountWithTax": "₹ 701.08"
		}
	],
	"totals": {
		"invoiceCount": 5,
		"retailInvoiceCount": 0,
		"creditNoteCount": 0,
		"amount": "₹ 606.00",
		"amountWithTax": "₹ 701.08"
	}
}
