{
	"company": "Demo Company",
	"reportTitle": "General Ledger",
	"period": {
		"start": "01 Apr 2024",
		"end": "31 Mar 2025"
	},
	"columns": ["Account", "Debit", "Credit", "Balance"],
	"data": [
		{
			"account": "account Payable",
			"bebit": "1280.00",
			"credit": "0.00",
			"balance": "1280.00"
		},
		{
			"account": "Accounts Receivable",
			"bebit": "701.08",
			"credit": "310.00",
			"balance": "391.08"
		},
		{
			"account": "Advance Tax",
			"bebit": "12.00",
			"credit": "0.00",
			"balance": "12"
		},
		{
			"account": "CGST - Out",
			"bebit": "0.00",
			"credit": "47.54",
			"balance": "(47.54)"
		},
		{
			"account": "Cost of Goods Sold",
			"bebit": "924",
			"credit": "0",
			"balance": "924"
		},
		{
			"account": "Employee Advance",
			"bebit": "0.00",
			"credit": "12.00",
			"balance": "(12)"
		},
		{
			"account": "IGST - IN",
			"bebit": "0.00",
			"credit": "280.00",
			"balance": "(280)"
		},
		{
			"account": "Opening balance Adjustments",
			"bebit": "0.00",
			"credit": "13412.00",
			"balance": "(13412)"
		},
		{
			"account": "Petty Cash",
			"bebit": "310.00",
			"credit": "0.00",
			"balance": "310"
		},
		{
			"account": "Sales",
			"bebit": "0.00",
			"credit": "606.00",
			"balance": "(606)"
		},
		{
			"account": "SGST - Out",
			"bebit": "0.00",
			"credit": "47.54",
			"balance": "(47.54)"
		},
		{
			"account": "Inventory Asset",
			"bebit": "11488",
			"credit": "0",
			"balance": "11488"
		}
	]
}
