{
	"company": "Demo Company",
	"reportTitle": "Batch Summary",
	"period": {
		"start": "01 Apr 2024",
		"end": "31 Mar 2025"
	},
	"columns": ["Batch", "Expiry", "Qty", "Rate", "Value"],
	"data": [
		{
			"batch": "test dfgzfgfgrtezrtrtaerteartea",
			"expiry": "",
			"qty": "10",
			"rate": "-",
			"value": "886"
		},
		{
			"batch": "test22",
			"expiry": "",
			"qty": "1",
			"rate": "-",
			"value": "100"
		},
		{
			"batch": "ui test",
			"expiry": "",
			"qty": "1",
			"rate": "-",
			"value": "1000"
		}
	],
	"totals": {
		"qty": "12",
		"rate": "",
		"value": "1986"
	}
}
