{
	"company": "Demo Company",
	"reportTitle": "Inventory Negative Stock Detail",
	"period": {
		"start": "01 Apr 2024",
		"end": "31 Mar 2025"
	},
	"columns": ["Item", "Qty", "Rate", "Amount"],
	"data": [
		{
			"item": "test dfgzfgfgrtezrtrtaerteartea",
			"qty": "10",
			"rate": "-",
			"amount": "886"
		},
		{
			"item": "test22",
			"qty": "1",
			"rate": "-",
			"amount": "100"
		},
		{
			"item": "ui test",
			"qty": "1",
			"rate": "-",
			"amount": "1000"
		}
	],
	"totals": {
		"qty": "12",
		"rate": "",
		"amount": "1986"
	}
}
