{
	"company": "Demo Company",
	"reportTitle": "Bills Details",
	"period": {
		"start": "01 Apr 2024",
		"end": "31 Mar 2025"
	},
	"columns": [
		"Status",
		"Bill Date",
		"Due Date",
		"Bill#",
		"Order#",
		"Vendor Name",
		"Bill Amount",
		"Balance Due"
	],
	"data": [
		{
			"status": "RG",
			"billDate": "",
			"dueDate": "",
			"bill": "0.00",
			"order": "4",
			"vendorName": "xyz",
			"billAmount": "1280",
			"balanceDue": "1280"
		}
	],
	"totals": {
		"billAmount": "1280.00",
		"balanceDue": "0.00"
	}
}
