{
	"company": "Demo Company",
	"reportTitle": "Purchases by Item",
	"period": {
		"start": "01 Apr 2024",
		"end": "31 Mar 2025"
	},
	"columns": ["Item Name", "Quantity Purchased", "Average Price", "Amount"],
	"data": [
		{
			"itemName": "test",
			"quantityPurchased": "-1.00",
			"averagePrice": "₹ 1000.00",
			"amount": "₹ -1000.00"
		},
		{
			"itemName": "test2",
			"quantityPurchased": "-1.00",
			"averagePrice": "₹ 1000.00",
			"amount": "₹ -1000.00"
		}
	],
	"totals": {
		"quantityPurchased": "-1.00",
		"averagePrice": "-",
		"amount": "₹ -1000.00"
	}
}
