{
	"companyName": "Demo Company",
	"balanceSheetDate": "31 Mar 2025",
	"liabilities": {
		"sectionTitle": "Liabilities",
		"equity": {
			"label": "Equity",
			"value": "-418.00",
			"currentYearEarnings": {
				"label": "Current Year Earnings",
				"value": "-418.00"
			}
		},
		"otherCurrentLiability": {
			"label": "Other Current Liability",
			"value": "13,763.08",
			"openingBalanceAdjustments": {
				"label": "Opening Balance Adjustments",
				"value": "13412.00"
			},
			"IGST_IN": {
				"label": "IGST - IN",
				"value": "280.00"
			},
			"CGST_Out": {
				"label": "CGST - Out",
				"value": " 35.54"
			},
			"SGST_Out": {
				"label": "SGST - Out",
				"value": "35.54"
			}
		},

		"accountsPayable": {
			"label": "Accounts Payable",
			"value": "1280.00",
			"accountsPayableName": {
				"label": "Accounts Payable",
				"value": "1280.00"
			}
		},
		"totalLiabilities": {
			"label": "Total Liabilities",
			"value": "12065.08"
		}
	},
	"assets": {
		"sectionTitle": "Assets",
		"otherCurrentAsset": {
			"label": "Other Current Asset",
			"value": "0.00",
			"advanceTax": {
				"label": "Advance Tax",
				"value": "12.00"
			},
			"employeeAdvance": {
				"label": "Employee Advance",
				"value": "-12.00"
			}
		},
		"cash": {
			"label": "Cash",
			"value": "310.00",
			"pettyCash": {
				"label": "Petty Cash",
				"value": "310.00"
			}
		},
		"stock": {
			"label": "Stock",
			"value": "11588.00",
			"inventoryAsset": {
				"label": "Inventory Asset",
				"value": "11588.00"
			}
		},

		"accountsReceivable": {
			"label": "Accounts Receivable",
			"value": "167.00",
			"accountsReceivableName": {
				"label": "Accounts Receivable",
				"value": "167.00"
			}
		},

		"totalAssets": {
			"label": "Total Assets",
			"value": "12065.08"
		}
	}
}
