{
	"company": "Demo Company",
	"reportTitle": "Group",
	"reportDis": "Group wise In/Out Detail",
	"period": {
		"start": "01 Apr 2024",
		"end": "31 Mar 2025"
	},
	"columns": [
		"Item Name",
		{
			"inwardsTitle": "Inwards",
			"inwards": ["Qty", "Effective Rate", "Amount"]
		},
		{
			"outwardsTitle": "Outwards",
			"outwards": ["Qty", "Effective Rate", "Amount"]
		}
	],
	"data": [
		{
			"itemName": "Test item",
			"inwards": {
				"qty": 23,
				"effectiveRate": 24,
				"amount": 552
			},
			"outwards": {
				"qty": 1,
				"effectiveRate": 6,
				"amount": 6
			}
		},
		{
			"itemName": "test",
			"inwards": {
				"qty": 10,
				"effectiveRate": 1000,
				"amount": 10000
			},
			"outwards": {
				"qty": 1,
				"effectiveRate": 1000,
				"amount": 1000
			}
		},
		{
			"itemName": "ui tets",
			"inwards": {
				"qty": 1,
				"effectiveRate": 1000,
				"amount": 1000
			},
			"outwards": {
				"qty": "",
				"effectiveRate": "",
				"amount": ""
			}
		},
		{
			"itemName": "initial discount",
			"inwards": {
				"qty": 10,
				"effectiveRate": 86,
				"amount": 860
			},
			"outwards": {
				"qty": "",
				"effectiveRate": "",
				"amount": ""
			}
		}
	],
	"totals": {
		"inwards": {
			"qty": 44,
			"effectiveRate": 2110,
			"amount": 12412
		},
		"outwards": {
			"qty": 2,
			"effectiveRate": 1006,
			"amount": 1006
		}
	}
}
