{
	"company": "Demo Company",
	"reportTitle": "Payments Received",
	"period": {
		"start": "01 Apr 2024",
		"end": "31 Mar 2025"
	},
	"columns": ["Date", "Reference#", "Customer Name", "Amount", "Unused Amount"],
	"data": [
		{
			"date": "20 Aug 2024",
			"reference": "",
			"customerName": "xyz",
			"amount": "₹ 218.00",
			"unusedAmount": "₹ 0.00"
		},
		{
			"date": "23 Sep 2024",
			"reference": "",
			"customerName": "xyz",
			"amount": "₹ 92.00",
			"unusedAmount": "₹ 0.00"
		}
	],
	"totals": {
		"amount": "₹ 310.00",
		"unusedAmount": "₹ 0.00"
	}
}
