{
	"company": "Demo Company",
	"reportTitle": "Stock Journal Summary",
	"period": {
		"start": "01 Apr 2024",
		"end": "31 Mar 2025"
	},
	"columns": [
		"Date",
		"Particulars",
		"Voucher Type",
		"Voucher No.",
		"Inwards Qty",
		"Outwards Qty"
	],
	"data": [
		{
			"date": "01 Apr 2024",
			"particulars": "soap",
			"voucherType": "Opening Quantity",
			"voucherNo": "",
			"inwardsQty": "10",
			"outwardsQty": "-"
		},
		{
			"date": "01 Apr 2024",
			"particulars": "soap",
			"voucherType": "Opening Quantity",
			"voucherNo": "",
			"inwardsQty": "10",
			"outwardsQty": "-"
		},
		{
			"date": "01 Apr 2024",
			"particulars": "soap",
			"voucherType": "Invoice",
			"voucherNo": "INV-000005",
			"inwardsQty": "-",
			"outwardsQty": "1"
		},
		{
			"date": "01 Apr 2024",
			"particulars": "soap",
			"voucherType": "Invoice",
			"voucherNo": "INV-000002",
			"inwardsQty": "-",
			"outwardsQty": "1"
		}
	],
	"totals": {
		"inwardsQty": "20",
		"outwardsQty": "2"
	}
}
