{
	"company": "Demo Company",
	"reportTitle": "Invoice Payments (Payments Method Wise)",
	"period": {
		"start": "31 Mar 2025"
	},
	"columns": ["Date", "Invoice No", "Customer Namee", "Amount", "Payments"],
	"data": [
		{
			"date": "20-08-2024",
			"invoiceNo": "INV-000001",
			"customerName": "xyz",
			"amount": 118,
			"payments": [
				{
					"name": "Petty Cash",
					"amount": 118
				}
			],
			"totals": {
				"total": 118
			},
			"pendingAmount": 0
		},
		{
			"date": "20-08-2024",
			"invoiceNo": "INV-000002",
			"customerName": "xyz",
			"amount": 224,
			"payments": [
				{
					"name": "Petty Cash",
					"amount": 100
				},
				{
					"name": "Petty Cash",
					"amount": 92
				}
			],
			"totals": {
				"total": 192
			},
			"pendingAmount": 32
		}
	]
}
