{
	"company": "Demo Company",
	"reportTitle": "Inventory Item List",
	"period": {
		"start": "01 Apr 2024",
		"end": "31 Mar 2025"
	},
	"columns": [
		"Item",
		"Category",
		"Inv. Type",
		"Item Type",
		"HSN/SAC",
		"SKU",
		"Unit",
		"Barcode",
		"Sales Rate",
		"Purchase Rate",
		"Qty in Hand"
	],
	"data": [
		{
			"item": "soap",
			"category": "",
			"invType": "Tracked",
			"itemType": "Goods",
			"hsn": "123",
			"sku": "",
			"unit": "pack",
			"barcode": "1",
			"salesRate": "100",
			"purchaseRate": "80",
			"qtyinHand": "1"
		},
		{
			"item": "soap",
			"category": "",
			"invType": "Tracked",
			"itemType": "Goods",
			"hsn": "123",
			"sku": "",
			"unit": "pack",
			"barcode": "1",
			"salesRate": "100",
			"purchaseRate": "80",
			"qtyinHand": "1"
		},
		{
			"item": "soap",
			"category": "",
			"invType": "Tracked",
			"itemType": "Goods",
			"hsn": "123",
			"sku": "",
			"unit": "pack",
			"barcode": "1",
			"salesRate": "100",
			"purchaseRate": "80",
			"qtyinHand": "1"
		},
		{
			"item": "soap",
			"category": "",
			"invType": "Tracked",
			"itemType": "Goods",
			"hsn": "123",
			"sku": "",
			"unit": "pack",
			"barcode": "1",
			"salesRate": "100",
			"purchaseRate": "80",
			"qtyinHand": "1"
		}
	],
	"totals": {
		"qtyinHand": "4"
	}
}
