{
	"company": "Demo Company",
	"reportTitle": "FIFO Cost Lot Tracking",
	"period": {
		"start": "01 Apr 2024",
		"end": "31 Mar 2025"
	},
	"columns": [
		{
			"productInTitle": "Product In",
			"ProductIn": ["Date", "Transactions", "Received From", "Item", "Total"]
		},
		{
			"productOutTitle": "Product Out",
			"ProductOut": ["Date", "Transactions", "Dispered To", "Qty Dispered"]
		}
	],
	"data": [
		{
			"ProductIn": {
				"date": "",
				"transactions": 24,
				"receivedFrom": 24,
				"item": 24,
				"total": 552
			},
			"ProductOut": {
				"date": 1,
				"transactions": 6,
				"disperedTo": 6,
				"qtyDispered": 6
			}
		}
	],
	"totals": {
		"ProductIn": {
			"transactions": 24,
			"receivedFrom": 24,
			"item": 24,
			"total": 552
		},
		"ProductOut": {
			"transactions": 6,
			"disperedTo": 6,
			"qtyDispered": 6
		}
	}
}
