{
	"company": "Demo Company",
	"reportTitle": "Customer Balances",
	"period": {
		"start": "01 Apr 2024",
		"end": "31 Mar 2025"
	},
	"columns": [
		"Name",
		"Phone",
		"Mobile",
		"Opning Balance",
		"Invoiced Amount",
		"Amount Paid",
		"Balance"
	],
	"data": [
		{
			"name": "xyz",
			"phone": "2352579148",
			"mobile": "",
			"opningBalance": "0.00",
			"invoicedAmount": "1280",
			"amountPaid": "0.00",
			"balance": "-1280"
		}
	],
	"totals": {
		"opningBalance": "0.00",
		"billedAmount": "1280.00",
		"amountPaid": "0.00",
		"balance": "-1280.00"
	}
}
