{
	"company": "Demo Company",
	"reportTitle": "Aging Summary By Invoice Due Date",
	"period": {
		"start": "01 Apr 2024",
		"end": "31 Mar 2025"
	},
	"columns": [
		"Customer Name",
		"CURRENT",
		"0-15 DAYS",
		"16-30 DAYS",
		"31-45 DAYS",
		">45 DAYS",
		"Total"
	],
	"data": [
		{
			"customerName": "xyz",
			"current": "₹ 0.00",
			"days15": "₹ 0.00",
			"days30": "₹ 135.08",
			"days45": "₹ 0.00",
			"above45": "₹ 256.00",
			"total": "₹ 391.08"
		}
	],
	"totals": {
		"current": "₹ 0.00",
		"days15": "₹ 0.00",
		"days30": "₹ 135.08",
		"days45": "₹ 0.00",
		"above45": "₹ 256.00",
		"total": "₹ 391.08"
	}
}
