{
	"company": "Demo Company",
	"reportTitle": "Purchases by Vendor",
	"period": {
		"start": "01 Apr 2024",
		"end": "31 Mar 2025"
	},
	"columns": [
		"Particulars",
		"Bill Count",
		"Expense Count",
		"Amount",
		"Amount With Tax"
	],
	"data": [
		{
			"particulars": "xyz",
			"billCount": 1,
			"expenseCount": 4,
			"amount": "₹ 150.00",
			"amountWithTax": "₹ 606.00"
		},
		{
			"particulars": "xyz",
			"billCount": 1,
			"expenseCount": 4,
			"amount": "₹ 150.00",
			"amountWithTax": "₹ 606.00"
		}
	],
	"totals": {
		"billCount": 1,
		"expenseCount": 4,
		"amount": "₹ 150.00",
		"amountWithTax": "₹ 606.00"
	}
}
