{
	"company": "Demo Company",
	"reportTitle": "GSTR-1 Summary",
	"period": {
		"start": "01 Apr 2024",
		"end": "31 Mar 2025"
	},
	"columns": [
		"Particulars",
		"Taxable Value",
		"Integrated Tax",
		"Central Tax",
		"State/UT Tax",
		"CESS Tax"
	],
	"data": [
		{
			"sr": "1",
			"particulars": "Supplies From Registered Suppliers B2B - 3",
			"taxableValue": "₹ 0.00",
			"integratedTax": "₹ 0.00",
			"centralTax": "₹ 0.00",
			"stateUTTax": "₹ 0.00",
			"cessTax": "₹ 0.00"
		},
		{
			"sr": "2",
			"particulars": "Supplies From Unregistered Suppliers B2BUR - 4B",
			"taxableValue": "₹ 0.00",
			"integratedTax": "₹ 0.00",
			"centralTax": "₹ 0.00",
			"stateUTTax": "₹ 0.00",
			"cessTax": "₹ 0.00"
		},
		{
			"sr": "3",
			"particulars": "Overseas- Services - 4C",
			"taxableValue": "₹ 0.00",
			"integratedTax": "₹ 0.00",
			"centralTax": "₹ 0.00",
			"stateUTTax": "₹ 0.00",
			"cessTax": "₹ 0.00"
		},
		{
			"sr": "4",
			"particulars": "Overseas - Goods - 5",
			"taxableValue": "₹ 0.00",
			"integratedTax": "₹ 0.00",
			"centralTax": "₹ 0.00",
			"stateUTTax": "₹ 0.00",
			"cessTax": "₹ 0.00"
		},
		{
			"sr": "5",
			"particulars": "Credit Notes - Registered - 6C",
			"taxableValue": "₹ 0.00",
			"integratedTax": "₹ 0.00",
			"centralTax": "₹ 0.00",
			"stateUTTax": "₹ 0.00",
			"cessTax": "₹ 0.00"
		},
		{
			"sr": "6",
			"particulars": "Credit Notes - Unregistered - 6C",
			"taxableValue": "₹ 0.00",
			"integratedTax": "₹ 0.00",
			"centralTax": "₹ 0.00",
			"stateUTTax": "₹ 0.00",
			"cessTax": "₹ 0.00"
		},
		{
			"sr": "7",
			"particulars": "Advance Paid - 10 A",
			"taxableValue": "₹ 0.00",
			"integratedTax": "₹ 0.00",
			"centralTax": "₹ 0.00",
			"stateUTTax": "₹ 0.00",
			"cessTax": "₹ 0.00"
		},
		{
			"sr": "8",
			"particulars": "Adjustment of advance- 10 B",
			"taxableValue": "₹ 0.00",
			"integratedTax": "₹ 0.00",
			"centralTax": "₹ 0.00",
			"stateUTTax": "₹ 0.00",
			"cessTax": "₹ 0.00"
		},
		{
			"sr": "9",
			"particulars": "Composition, Nil rated, exempted and non GST inward supplies - 7*Net of Vendor Credit",
			"taxableValue": "₹ 0.00",
			"integratedTax": "₹ 0.00",
			"centralTax": "₹ 0.00",
			"stateUTTax": "₹ 0.00",
			"cessTax": "₹ 0.00"
		},
		{
			"sr": "10",
			"particulars": "Input Tax credit Reversal/Reclaim - 11",
			"taxableValue": "₹ 0.00",
			"integratedTax": "₹ 0.00",
			"centralTax": "₹ 0.00",
			"stateUTTax": "₹ 0.00",
			"cessTax": "₹ 0.00"
		},
		{
			"sr": "11",
			"particulars": "Other Purchase Bills",
			"taxableValue": "₹ 0.00",
			"integratedTax": "₹ 0.00",
			"centralTax": "₹ 0.00",
			"stateUTTax": "₹ 0.00",
			"cessTax": "₹ 0.00"
		},
		{
			"sr": "12",
			"particulars": "Other Vendor Credits",
			"taxableValue": "₹ 0.00",
			"integratedTax": "₹ 0.00",
			"centralTax": "₹ 0.00",
			"stateUTTax": "₹ 0.00",
			"cessTax": "₹ 0.00"
		}
	],
	"history": ["Return Period", "Date", "Status"]
}
