{
	"company": "Demo Company",
	"reportTitle": "Inventory Valuation Summary",
	"period": {
		"start": "01 Apr 2024",
		"end": "31 Mar 2025"
	},
	"columns": ["Item", "Quantity Available", "Inventory Asset Value"],
	"data": [
		{
			"item": "test",
			"quantityAvailable": "10",
			"inventoryAssetValue": "86"
		},
		{
			"item": "test22",
			"quantityAvailable": "1",
			"inventoryAssetValue": "100"
		},
		{
			"item": "ui test",
			"quantityAvailable": "1",
			"inventoryAssetValue": "1000"
		}
	],
	"totals": {
		"quantityAvailable": "12",
		"inventoryAssetValue": "1986"
	}
}
