{
	"company": "Demo Company",
	"reportTitle": "Trial Balance",
	"period": {
		"start": "01 Apr 2024",
		"end": "31 Mar 2025"
	},
	"columns": ["Account", "Debit", "Credit"],
	"data": [
		{
			"account": "account Payable",
			"bebit": "1280.00",
			"credit": ""
		},
		{
			"account": "Accounts Receivable",
			"bebit": "310",
			"credit": ""
		},
		{
			"account": "Advance Tax",
			"bebit": "12.00",
			"credit": ""
		},
		{
			"account": "CGST - Out",
			"bebit": "",
			"credit": "47.54"
		},
		{
			"account": "Cost of Goods Sold",
			"bebit": "924",
			"credit": ""
		},
		{
			"account": "Employee Advance",
			"bebit": "",
			"credit": "12.00"
		},
		{
			"account": "IGST - IN",
			"bebit": "",
			"credit": "280.00"
		},
		{
			"account": "Opening balance Adjustments",
			"bebit": "",
			"credit": "13412.00"
		},
		{
			"account": "Petty Cash",
			"bebit": "310.00",
			"credit": ""
		},
		{
			"account": "Sales",
			"bebit": "",
			"credit": "606.00"
		},
		{
			"account": "SGST - Out",
			"bebit": "",
			"credit": "47.54"
		},
		{
			"account": "Inventory Asset",
			"bebit": "11488",
			"credit": ""
		}
	],
	"totals": {
		"bebit": "14405.08",
		"credit": "14405.08"
	}
}
