{
	"company": "Demo Company",
	"reportTitle": "Estimate Details",
	"period": {
		"start": "01 Apr 2024",
		"end": "31 Mar 2025"
	},
	"columns": [
		"Status",
		"Estimate Date",
		"Expiry Date",
		"Estimate#",
		"Customer Name",
		"Estimate Amount"
	],
	"data": [
		{
			"status": "PAID",
			"estimateDate": "20 Aug 2024",
			"expiryDate": "20 Aug 2024",
			"estimate": "0.00",
			"customerName": "xyz",
			"estimateAmount": "100"
		},
		{
			"status": "PAID",
			"estimateDate": "20 Aug 2024",
			"expiryDate": "20 Aug 2024",
			"estimate": "0.00",
			"customerName": "xyz",
			"estimateAmount": "100"
		},
		{
			"status": "PAID",
			"estimateDate": "20 Aug 2024",
			"expiryDate": "20 Aug 2024",
			"estimate": "0.00",
			"customerName": "xyz",
			"estimateAmount": "100"
		}
	],
	"totals": {
		"estimateAmount": "1280.00"
	}
}
