{
	"company": "Demo Company",
	"reportTitle": "Profit and Loss",
	"period": {
		"start": "01 Apr 2024",
		"end": "31 Mar 2025"
	},
	"Account": [
		{
			"category": "Operating Income",
			"subcategories": [
				{
					"label": "Sales",
					"value": 406.0
				},
				{
					"label": "Sales",
					"value": 406.0
				},
				{
					"label": "Sales",
					"value": 406.0
				}
			]
		},
		{
			"category": "Cost of Goods Sold",
			"subcategories": [
				{
					"label": "Cost of Goods Sold",
					"value": 824.0
				}
			]
		},
		{
			"category": "Totals",
			"subcategories": [
				{
					"label": "Total Gross Profit",
					"value": -418.0
				},
				{
					"label": "Total Operating Profit",
					"value": -418.0
				},
				{
					"label": "Total Net Profit/Loss",
					"value": -418.0
				}
			]
		}
	],
	"date": "31 Mar 2025"
}
