{
	"company": "Demo Company",
	"reportTitle": "Sales by Sales Person",
	"period": {
		"start": "01 Apr 2024",
		"end": "31 Mar 2025"
	},
	"columns": [
		"Particulars",
		"Invoice Count",
		"Qty Sold",
		"Sales",
		"Sales With Tax"
	],
	"data": [
		{
			"particulars": "other",
			"invoiceCount": 5,
			"qtySold": "5.00",
			"sales": "₹ 606.00",
			"salesWithTax": "₹ 701.00"
		},
		{
			"particulars": "other",
			"invoiceCount": 5,
			"qtySold": "5.00",
			"sales": "₹ 606.00",
			"salesWithTax": "₹ 701.00"
		},
		{
			"particulars": "other",
			"invoiceCount": 5,
			"qtySold": "5.00",
			"sales": "₹ 606.00",
			"salesWithTax": "₹ 701.00"
		}
	],
	"totals": {
		"invoiceCount": 5,
		"qtySold": "5.00",
		"sales": "₹ 606.00",
		"salesWithTax": "₹ 701.00"
	}
}
