{
	"company": "Demo Company",
	"reportTitle": "Invoice Details",
	"period": {
		"start": "01 Apr 2024",
		"end": "31 Mar 2025"
	},
	"columns": [
		"Status",
		"Invoice Date",
		"Due Date",
		"Invoice#",
		"Order#",
		"Customer Name",
		"Invoice Amount",
		"Balance Due"
	],
	"data": [
		{
			"status": "PAID",
			"invoiceDate": "20 Aug 2024",
			"dueDate": "20 Aug 2024",
			"invoice": "0.00",
			"order": "",
			"customerName": "xyz",
			"invoiceAmount": "100",
			"balanceDue": "0"
		},
		{
			"status": "PARTIALLY PAID",
			"invoiceDate": "20 Aug 2024",
			"dueDate": "20 Aug 2024",
			"invoice": "0.00",
			"order": "",
			"customerName": "xyz",
			"invoiceAmount": "200",
			"balanceDue": "0"
		},
		{
			"status": "OVERDUE",
			"invoiceDate": "20 Aug 2024",
			"dueDate": "20 Aug 2024",
			"invoice": "0.00",
			"order": "",
			"customerName": "xyz",
			"invoiceAmount": "280",
			"balanceDue": "1280"
		}
	],
	"totals": {
		"billAmount": "580.00",
		"balanceDue": "1280.00"
	}
}
