{
	"company": "Demo Company",
	"reportTitle": "Cash Flow Statement",
	"period": {
		"start": "01 Apr 2024",
		"end": "31 Mar 2025"
	},
	"Beginning Cash Balance": {
		"value": 1000.0,
		"subcategories": [
			{
				"category": "A Cash Flow from Operating Activities",
				"subcategories": [
					{
						"label": "Net Income",
						"value": -318.0
					},
					{
						"label": "Advance Tax",
						"value": -12.0
					},
					{
						"label": "Employee Advance",
						"value": 12.0
					},
					{
						"label": "CGST - Out",
						"value": 47.54
					},
					{
						"label": "IGST - IN",
						"value": 280.0
					},
					{
						"label": "Opening Balance Adjustments",
						"value": 13412.0
					},
					{
						"label": "SGST - Out",
						"value": 47.54
					},
					{
						"label": "Accounts Receivable",
						"value": -391.08
					},
					{
						"label": "Accounts Payable",
						"value": -1280.0
					},
					{
						"label": "Net cash provided by Operating Activities",
						"value": 11798.0
					}
				]
			},
			{
				"category": "B Cash Flow from Investing Activities",
				"subcategories": [
					{
						"label": "Net cash provided by Investing Activities",
						"value": 0.0
					}
				]
			},
			{
				"category": "C Cash Flow from Financing Activities",
				"subcategories": [
					{
						"label": "Net cash provided by Financing Activities",
						"value": 0.0
					}
				]
			}
		]
	},
	"Net Change in cash (A) + (B) + (C)": {
		"value": 11798.0
	},
	"Ending Cash Balance 1 - 2": {
		"value": 12798.0
	},
	"date": "31 Mar 2025"
}
