{
	"company": "Demo Company",
	"reportTitle": "GSTR-3B Summary",
	"period": {
		"start": "01 Apr 2024",
		"end": "31 Mar 2025"
	},
	"columns": [
		"Nature of Supply",
		"Taxable Value",
		"Integrated Tax",
		"Central Tax",
		"State/UT Tax",
		"CESS Tax"
	],
	"data": [
		{
			"natureofSupply": "(a) Outward taxable supplies (other than zero rated, nil rated and exempted)",
			"taxableValue": "",
			"integratedTax": "",
			"centralTax": "",
			"stateUTTax": "",
			"cessTax": ""
		},
		{
			"natureofSupply": "(b) Outward taxable supplies (zero rated)",
			"taxableValue": "",
			"integratedTax": "",
			"centralTax": "",
			"stateUTTax": "",
			"cessTax": ""
		},
		{
			"natureofSupply": "(c) Other outward supplies (Nil rated, exempted)",
			"taxableValue": "",
			"integratedTax": "",
			"centralTax": "",
			"stateUTTax": "",
			"cessTax": ""
		},
		{
			"natureofSupply": "(d) Inward supplies (liable to reverse charge)",
			"taxableValue": "",
			"integratedTax": "",
			"centralTax": "",
			"stateUTTax": "",
			"cessTax": ""
		},
		{
			"natureofSupply": "(e) Non-GST outward supplies",
			"taxableValue": "",
			"integratedTax": "",
			"centralTax": "",
			"stateUTTax": "",
			"cessTax": ""
		}
	],
	"columns1": [ "Place Of Supply", "Taxable Value", "Integrated Tax"],
	"data1": [
		{
			"titel": "Supplies made to Unregistered Persons",
			"EligibleDetails": [
				{
					"placeOfSupply": "Gujarat",
					"taxableValue": "",
					"integratedTax": ""
				}
			]
		},
		{
			"titel": "Supplies made to Composition Taxable Persons",
			"EligibleDetails": [
				{
					"placeOfSupply": "Maharastra",
					"taxableValue": "",
					"integratedTax": ""
				}
			]
		},
		{
			"titel": "Supplies made to UIN holders",
			"EligibleDetails": []
		}
	],
	"eligible": [
		"Details",
		"Integrated Tax",
		"Central Tax",
		"State/UT Tax",
		"CESS Tax"
	],
	"EligibleData": [
		{
			"titel": "(A) ITC Available(whether in full or part)",
			"EligibleDetails": [
				{
					"details": "(1) Import of goods",
					"integratedTax": "",
					"centralTax": "",
					"stateUTTax": "",
					"cessTax": ""
				},
				{
					"details": "(2) Import of services",
					"integratedTax": "",
					"centralTax": "",
					"stateUTTax": "",
					"cessTax": ""
				},
				{
					"details": "(3) Inward supplies liable to reverse charge (other than 1 & 2 above)",
					"integratedTax": "",
					"centralTax": "",
					"stateUTTax": "",
					"cessTax": ""
				},
				{
					"details": "(5) All other ITC",
					"integratedTax": "",
					"centralTax": "",
					"stateUTTax": "",
					"cessTax": ""
				}
			]
		},
		{
			"titel": "(D) Ineligible ITC",
			"EligibleDetails": [
				{
					"details": "(1) As per section 17(5)",
					"integratedTax": "",
					"centralTax": "",
					"stateUTTax": "",
					"cessTax": ""
				},
				{
					"details": "(2) Others",
					"integratedTax": "",
					"centralTax": "",
					"stateUTTax": "",
					"cessTax": ""
				}
			]
		}
	],
	"Supply": [
		"Nature of Supply",
		"Inter-State Supplies",
		"Intra-State Supplies"
	],
	"SupplyData": [
		{
			"natureofSupply": "Composition Scheme, Exempted, Nil Rated",
			"interStateSupplies": "",
			"intraStateSupplies": ""
		},
		{
			"natureofSupply": "Non-GST supply",
			"interStateSupplies": "",
			"intraStateSupplies": ""
		}
	]
}
