{
	"company": "Demo Company",
	"reportTitle": "Invoice Interest Calculator",
	"period": {
		"start": "01 Apr 2024",
		"end": "31 Mar 2025"
	},
	"columns": [
		"Invoice Date",
		"Due Date",
		"Invoice#",
		"Order#",
		"Customer Name",
		"Invoice Amount",
		"Interest",
		"Total"
	],
	"data": [
		{
			"invoiceDate": "23 Sep 2024",
			"dueDate": "23 Sep 2024",
			"invoice": "INV-000004",
			"order": "",
			"customerName": "xyz",
			"invoiceAmount": "₹ 7.08",
			"interest": "0.00",
			"total": "7.08"
		},
		{
			"invoiceDate": "23 Sep 2024",
			"dueDate": "23 Sep 2024",
			"invoice": "INV-000004",
			"order": "",
			"customerName": "xyz",
			"invoiceAmount": "₹ 7.08",
			"interest": "0.00",
			"total": "7.08"
		},
		{
			"invoiceDate": "23 Sep 2024",
			"dueDate": "23 Sep 2024",
			"invoice": "INV-000004",
			"order": "",
			"customerName": "xyz",
			"invoiceAmount": "₹ 7.08",
			"interest": "0.00",
			"total": "7.08"
		},
		{
			"invoiceDate": "23 Sep 2024",
			"dueDate": "23 Sep 2024",
			"invoice": "INV-000004",
			"order": "",
			"customerName": "xyz",
			"invoiceAmount": "₹ 7.08",
			"interest": "0.00",
			"total": "7.08"
		}
	],
	"totals": {
		"invoiceAmount": "₹ 7.08",
		"interest": "0.00",
		"total": "7.08"
	}
}
