{
	"company": "Demo Company",
	"reportTitle": "Inventory Summary",
	"period": {
		"start": "01 Apr 2024",
		"end": "31 Mar 2025"
	},
	"columns": ["Item", "Qty", "Rate", "Amount"],
	"data": [
		{
			"item": "test",
			"qty": "10",
			"rate": "86",
			"amount": "886"
		},
		{
			"item": "test22",
			"qty": "1",
			"rate": "100",
			"amount": "100"
		},
		{
			"item": "ui test",
			"qty": "1",
			"rate": "1000",
			"amount": "1000"
		}
	],
	"totals": {
		"qty": "12",
		"rate": "",
		"amount": "1986"
	}
}
